{
    "metaData": {
        "url": "https://blackolivevideo.blob.core.windows.net/sign-language/aiworks_재촬영본0001/NIA_SL_FS0410_CROWD01_F.mp4",
        "name": "NIA_SL_FS0410_CROWD01_F.mp4",
        "duration": 8.35,
        "exportedOn": "2020/12/11"
    },
    "data": [
        {
            "start": 1.05,
            "end": 7.179,
            "attributes": [
                {
                    "name": "약령중앙로"
                }
            ]
        }
    ]
}